startId,endId
65080b84d95e4d0e60139a01/65090628f6590a4c4caa509e~T,65080b84d95e4d0e60139a01/65081b2dcee93a003ee097ea
65080b84d95e4d0e60139a01/650aba993836eb569de82fe2~S,65080b84d95e4d0e60139a01/65081b2dcee93a003ee097ea
65080b84d95e4d0e60139a01/650abb693836eb569de82fe4~S,65080b84d95e4d0e60139a01/65081b2dcee93a003ee097ea
65080b84d95e4d0e60139a01/650abbb83836eb569de82fe5~S,65080b84d95e4d0e60139a01/65081b2dcee93a003ee097ea
65080b84d95e4d0e60139a01/650c1bc5ab7b4364f6bc02af~T,65080b84d95e4d0e60139a01/65081b2dcee93a003ee097ea
65080b84d95e4d0e60139a01/650c1c30ab7b4364f6bc02b2~M,65080b84d95e4d0e60139a01/650c1ad575ffdc7f1ac227f3
65080b84d95e4d0e60139a01/650c1cdcab7b4364f6bc02b8~M,65080b84d95e4d0e60139a01/650c1ad575ffdc7f1ac227f3
65080b84d95e4d0e60139a01/650d42e4e457d11a1f406ebc~T,65080b84d95e4d0e60139a01/65081b2dcee93a003ee097ea
65080b84d95e4d0e60139a01/650d6027f1203d354a12bbd6~S,65080b84d95e4d0e60139a01/65081b2dcee93a003ee097ea
65080b84d95e4d0e60139a01/650d6152f1203d354a12bbd7~S,65080b84d95e4d0e60139a01/65081b2dcee93a003ee097ea
65080b84d95e4d0e60139a01/650d626cf1203d354a12bbd8~S,65080b84d95e4d0e60139a01/65081b2dcee93a003ee097ea
65080b84d95e4d0e60139a01/6512cb8a7149ff26a9d3d9a9~S,65080b84d95e4d0e60139a01/65081b2dcee93a003ee097ea
65080b84d95e4d0e60139a01/6512cc167149ff26a9d3d9df~S,65080b84d95e4d0e60139a01/65081b2dcee93a003ee097ea
65080b84d95e4d0e60139a01/6513855a7149ff26a9d3da15~S,65080b84d95e4d0e60139a01/65081b2dcee93a003ee097ea
65080b84d95e4d0e60139a01/6513965b7149ff26a9d3dbb7~S,65080b84d95e4d0e60139a01/65081b2dcee93a003ee097ea
65080b84d95e4d0e60139a01/6513965d7149ff26a9d3dbb8~S,65080b84d95e4d0e60139a01/65081b2dcee93a003ee097ea
65080b84d95e4d0e60139a01/6513965e7149ff26a9d3dbb9~S,65080b84d95e4d0e60139a01/65081b2dcee93a003ee097ea
65080b84d95e4d0e60139a01/6513965e7149ff26a9d3dbba~S,65080b84d95e4d0e60139a01/65081b2dcee93a003ee097ea
65080b84d95e4d0e60139a01/6513965f7149ff26a9d3dbbb~S,65080b84d95e4d0e60139a01/65081b2dcee93a003ee097ea
65080b84d95e4d0e60139a01/6513965f7149ff26a9d3dbbc~S,65080b84d95e4d0e60139a01/65081b2dcee93a003ee097ea
65080b84d95e4d0e60139a01/6513965f7149ff26a9d3dbbd~S,65080b84d95e4d0e60139a01/65081b2dcee93a003ee097ea
65080b84d95e4d0e60139a01/651396607149ff26a9d3dbbe~S,65080b84d95e4d0e60139a01/65081b2dcee93a003ee097ea
65080b84d95e4d0e60139a01/651396617149ff26a9d3dbbf~S,65080b84d95e4d0e60139a01/65081b2dcee93a003ee097ea
65080b84d95e4d0e60139a01/651396617149ff26a9d3dbc0~S,65080b84d95e4d0e60139a01/65081b2dcee93a003ee097ea
65080b84d95e4d0e60139a01/651396617149ff26a9d3dbc1~S,65080b84d95e4d0e60139a01/65081b2dcee93a003ee097ea
65080b84d95e4d0e60139a01/651396617149ff26a9d3dbc2~S,65080b84d95e4d0e60139a01/65081b2dcee93a003ee097ea
65080b84d95e4d0e60139a01/6520b7c852d2da0d4b171202~S,65080b84d95e4d0e60139a01/65081b2dcee93a003ee097ea
65080b84d95e4d0e60139a01/6520bdf152d2da0d4b171212~S,65080b84d95e4d0e60139a01/65081b2dcee93a003ee097ea
65080b84d95e4d0e60139a01/6520be2c52d2da0d4b171213~S,65080b84d95e4d0e60139a01/65081b2dcee93a003ee097ea
65080b84d95e4d0e60139a01/6520be6352d2da0d4b171214~S,65080b84d95e4d0e60139a01/65081b2dcee93a003ee097ea
65080b84d95e4d0e60139a01/6520c47a52d2da0d4b17121d~S,65080b84d95e4d0e60139a01/65081b2dcee93a003ee097ea
65080b84d95e4d0e60139a01/6520c50e52d2da0d4b17121e~S,65080b84d95e4d0e60139a01/65081b2dcee93a003ee097ea
65080b84d95e4d0e60139a01/6520c55c52d2da0d4b17121f~S,65080b84d95e4d0e60139a01/65081b2dcee93a003ee097ea
65080b84d95e4d0e60139a01/6520c57c52d2da0d4b171220~S,65080b84d95e4d0e60139a01/65081b2dcee93a003ee097ea
65080b84d95e4d0e60139a01/6520c5f352d2da0d4b171221~S,65080b84d95e4d0e60139a01/65081b2dcee93a003ee097ea
65080b84d95e4d0e60139a01/6520c71352d2da0d4b171223~S,65080b84d95e4d0e60139a01/65081b2dcee93a003ee097ea
65080b84d95e4d0e60139a01/652105c40175c3261e58dc64~S,65080b84d95e4d0e60139a01/65081b2dcee93a003ee097ea
65080b84d95e4d0e60139a01/652106460175c3261e58dc65~S,65080b84d95e4d0e60139a01/65081b2dcee93a003ee097ea
65080b84d95e4d0e60139a01/6521073454bfbf3136ae3ff3~S,65080b84d95e4d0e60139a01/65081b2dcee93a003ee097ea
65080b84d95e4d0e60139a01/6521084554bfbf3136ae4004~S,65080b84d95e4d0e60139a01/65081b2dcee93a003ee097ea
65080b84d95e4d0e60139a01/65210c13ecb0de3168d24861~S,65080b84d95e4d0e60139a01/65081b2dcee93a003ee097ea
65080b84d95e4d0e60139a01/65210d18ecb0de3168d24866~S,65080b84d95e4d0e60139a01/65081b2dcee93a003ee097ea
65080b84d95e4d0e60139a01/65211062ecb0de3168d2486e~S,65080b84d95e4d0e60139a01/65081b2dcee93a003ee097ea
65080b84d95e4d0e60139a01/652114cb4b6c675d84f4c427~S,65080b84d95e4d0e60139a01/65081b2dcee93a003ee097ea
65080b84d95e4d0e60139a01/652114cd4b6c675d84f4c42a~S,65080b84d95e4d0e60139a01/65081b2dcee93a003ee097ea
65080b84d95e4d0e60139a01/652114cd4b6c675d84f4c42b~S,65080b84d95e4d0e60139a01/65081b2dcee93a003ee097ea
65080b84d95e4d0e60139a01/652114cd4b6c675d84f4c42c~S,65080b84d95e4d0e60139a01/65081b2dcee93a003ee097ea
65080b84d95e4d0e60139a01/652114cd4b6c675d84f4c42d~S,65080b84d95e4d0e60139a01/65081b2dcee93a003ee097ea
65080b84d95e4d0e60139a01/652114cd4b6c675d84f4c42e~S,65080b84d95e4d0e60139a01/65081b2dcee93a003ee097ea
65080b84d95e4d0e60139a01/652114ce4b6c675d84f4c42f~S,65080b84d95e4d0e60139a01/65081b2dcee93a003ee097ea
65080b84d95e4d0e60139a01/652114cf4b6c675d84f4c430~S,65080b84d95e4d0e60139a01/65081b2dcee93a003ee097ea
65080b84d95e4d0e60139a01/652114cf4b6c675d84f4c433~S,65080b84d95e4d0e60139a01/65081b2dcee93a003ee097ea
65080b84d95e4d0e60139a01/652114cf4b6c675d84f4c434~S,65080b84d95e4d0e60139a01/65081b2dcee93a003ee097ea
65080b84d95e4d0e60139a01/652114cf4b6c675d84f4c435~S,65080b84d95e4d0e60139a01/65081b2dcee93a003ee097ea
65080b84d95e4d0e60139a01/652114d04b6c675d84f4c436~S,65080b84d95e4d0e60139a01/65081b2dcee93a003ee097ea
65080b84d95e4d0e60139a01/652114da4b6c675d84f4c440~S,65080b84d95e4d0e60139a01/65081b2dcee93a003ee097ea
65080b84d95e4d0e60139a01/652114dc4b6c675d84f4c448~S,65080b84d95e4d0e60139a01/65081b2dcee93a003ee097ea
65080b84d95e4d0e60139a01/652114dc4b6c675d84f4c449~S,65080b84d95e4d0e60139a01/65081b2dcee93a003ee097ea
65080b84d95e4d0e60139a01/652114dd4b6c675d84f4c44a~S,65080b84d95e4d0e60139a01/65081b2dcee93a003ee097ea
65080b84d95e4d0e60139a01/652114de4b6c675d84f4c44d~S,65080b84d95e4d0e60139a01/65081b2dcee93a003ee097ea
65080b84d95e4d0e60139a01/652114de4b6c675d84f4c44e~S,65080b84d95e4d0e60139a01/65081b2dcee93a003ee097ea
65080b84d95e4d0e60139a01/652115064b6c675d84f4c452~S,65080b84d95e4d0e60139a01/65081b2dcee93a003ee097ea
65080b84d95e4d0e60139a01/652115074b6c675d84f4c453~S,65080b84d95e4d0e60139a01/65081b2dcee93a003ee097ea
65080b84d95e4d0e60139a01/652115084b6c675d84f4c454~S,65080b84d95e4d0e60139a01/65081b2dcee93a003ee097ea
65080b84d95e4d0e60139a01/652115094b6c675d84f4c455~S,65080b84d95e4d0e60139a01/65081b2dcee93a003ee097ea
65080b84d95e4d0e60139a01/652115284b6c675d84f4c45c~S,65080b84d95e4d0e60139a01/65081b2dcee93a003ee097ea
65080b84d95e4d0e60139a01/6521152a4b6c675d84f4c45d~S,65080b84d95e4d0e60139a01/65081b2dcee93a003ee097ea
65080b84d95e4d0e60139a01/652115414b6c675d84f4c463~S,65080b84d95e4d0e60139a01/65081b2dcee93a003ee097ea
65080b84d95e4d0e60139a01/652115434b6c675d84f4c464~S,65080b84d95e4d0e60139a01/65081b2dcee93a003ee097ea
65080b84d95e4d0e60139a01/6521159e4b6c675d84f4c472~S,65080b84d95e4d0e60139a01/65081b2dcee93a003ee097ea
65080b84d95e4d0e60139a01/652115a04b6c675d84f4c473~S,65080b84d95e4d0e60139a01/65081b2dcee93a003ee097ea
65080b84d95e4d0e60139a01/65211b404b6c675d84f4c475~S,65080b84d95e4d0e60139a01/65081b2dcee93a003ee097ea
65080b84d95e4d0e60139a01/65211b424b6c675d84f4c476~S,65080b84d95e4d0e60139a01/65081b2dcee93a003ee097ea
65080b84d95e4d0e60139a01/65211b434b6c675d84f4c477~S,65080b84d95e4d0e60139a01/65081b2dcee93a003ee097ea
65080b84d95e4d0e60139a01/65211b444b6c675d84f4c478~S,65080b84d95e4d0e60139a01/65081b2dcee93a003ee097ea
65080b84d95e4d0e60139a01/65211b444b6c675d84f4c479~S,65080b84d95e4d0e60139a01/65081b2dcee93a003ee097ea
65080b84d95e4d0e60139a01/65211b444b6c675d84f4c47a~S,65080b84d95e4d0e60139a01/65081b2dcee93a003ee097ea
65080b84d95e4d0e60139a01/65211b444b6c675d84f4c47b~S,65080b84d95e4d0e60139a01/65081b2dcee93a003ee097ea
65080b84d95e4d0e60139a01/65211b454b6c675d84f4c47c~S,65080b84d95e4d0e60139a01/65081b2dcee93a003ee097ea
65080b84d95e4d0e60139a01/65211b464b6c675d84f4c47d~S,65080b84d95e4d0e60139a01/65081b2dcee93a003ee097ea
65080b84d95e4d0e60139a01/65211b464b6c675d84f4c47e~S,65080b84d95e4d0e60139a01/65081b2dcee93a003ee097ea
65080b84d95e4d0e60139a01/65211b464b6c675d84f4c47f~S,65080b84d95e4d0e60139a01/65081b2dcee93a003ee097ea
65080b84d95e4d0e60139a01/65211b464b6c675d84f4c480~S,65080b84d95e4d0e60139a01/65081b2dcee93a003ee097ea
65080b84d95e4d0e60139a01/65211b4f4b6c675d84f4c482~S,65080b84d95e4d0e60139a01/65081b2dcee93a003ee097ea
65080b84d95e4d0e60139a01/65211b514b6c675d84f4c485~S,65080b84d95e4d0e60139a01/65081b2dcee93a003ee097ea
65080b84d95e4d0e60139a01/65211dfa4b6c675d84f4c4a8~S,65080b84d95e4d0e60139a01/65081b2dcee93a003ee097ea
65080b84d95e4d0e60139a01/65211dfc4b6c675d84f4c4a9~S,65080b84d95e4d0e60139a01/65081b2dcee93a003ee097ea
65080b84d95e4d0e60139a01/65211dfc4b6c675d84f4c4aa~S,65080b84d95e4d0e60139a01/65081b2dcee93a003ee097ea
65080b84d95e4d0e60139a01/65211dfc4b6c675d84f4c4ab~S,65080b84d95e4d0e60139a01/65081b2dcee93a003ee097ea
65080b84d95e4d0e60139a01/65211dfc4b6c675d84f4c4ac~S,65080b84d95e4d0e60139a01/65081b2dcee93a003ee097ea
65080b84d95e4d0e60139a01/65211dfc4b6c675d84f4c4ad~S,65080b84d95e4d0e60139a01/65081b2dcee93a003ee097ea
65080b84d95e4d0e60139a01/65211dfe4b6c675d84f4c4ae~S,65080b84d95e4d0e60139a01/65081b2dcee93a003ee097ea
65080b84d95e4d0e60139a01/65211dfe4b6c675d84f4c4af~S,65080b84d95e4d0e60139a01/65081b2dcee93a003ee097ea
65080b84d95e4d0e60139a01/65211dfe4b6c675d84f4c4b0~S,65080b84d95e4d0e60139a01/65081b2dcee93a003ee097ea
65080b84d95e4d0e60139a01/65211dfe4b6c675d84f4c4b1~S,65080b84d95e4d0e60139a01/65081b2dcee93a003ee097ea
65080b84d95e4d0e60139a01/65211e234b6c675d84f4c4e7~S,65080b84d95e4d0e60139a01/65081b2dcee93a003ee097ea
65080b84d95e4d0e60139a01/65211e254b6c675d84f4c4e8~S,65080b84d95e4d0e60139a01/65081b2dcee93a003ee097ea
65080b84d95e4d0e60139a01/65211fca0696176284e18c19~S,65080b84d95e4d0e60139a01/65081b2dcee93a003ee097ea
65080b84d95e4d0e60139a01/65211fcc0696176284e18c1a~S,65080b84d95e4d0e60139a01/65081b2dcee93a003ee097ea
65080b84d95e4d0e60139a01/65211fcc0696176284e18c1b~S,65080b84d95e4d0e60139a01/65081b2dcee93a003ee097ea
65080b84d95e4d0e60139a01/65211fce0696176284e18c1c~S,65080b84d95e4d0e60139a01/65081b2dcee93a003ee097ea
65080b84d95e4d0e60139a01/65211fe50696176284e18c1d~S,65080b84d95e4d0e60139a01/65081b2dcee93a003ee097ea
65080b84d95e4d0e60139a01/65211fe70696176284e18c1f~S,65080b84d95e4d0e60139a01/65081b2dcee93a003ee097ea
65080b84d95e4d0e60139a01/65211fe80696176284e18c20~D,65080b84d95e4d0e60139a01/65081b2dcee93a003ee097ea
65080b84d95e4d0e60139a01/6522067930486f7b0d90a678~T,65080b84d95e4d0e60139a01/65081b2dcee93a003ee097ea
65080b84d95e4d0e60139a01/652520ac1a5afe520d5982d9~S,65080b84d95e4d0e60139a01/65081b2dcee93a003ee097ea
65080b84d95e4d0e60139a01/652520ac1a5afe520d5982da~S,65080b84d95e4d0e60139a01/65081b2dcee93a003ee097ea
65080b84d95e4d0e60139a01/652520ae1a5afe520d5982db~S,65080b84d95e4d0e60139a01/65081b2dcee93a003ee097ea
65080b84d95e4d0e60139a01/652520af1a5afe520d5982dd~S,65080b84d95e4d0e60139a01/65081b2dcee93a003ee097ea
65080b84d95e4d0e60139a01/652520af1a5afe520d5982de~S,65080b84d95e4d0e60139a01/65081b2dcee93a003ee097ea
65080b84d95e4d0e60139a01/652520b01a5afe520d5982df~S,65080b84d95e4d0e60139a01/65081b2dcee93a003ee097ea
65080b84d95e4d0e60139a01/652520b11a5afe520d5982e0~D,65080b84d95e4d0e60139a01/65081b2dcee93a003ee097ea
65080b84d95e4d0e60139a01/65260a831a5afe520d59838c~S,65080b84d95e4d0e60139a01/65081b2dcee93a003ee097ea
65080b84d95e4d0e60139a01/65260a831a5afe520d59838d~S,65080b84d95e4d0e60139a01/65081b2dcee93a003ee097ea
65080b84d95e4d0e60139a01/65260a841a5afe520d59838e~S,65080b84d95e4d0e60139a01/65081b2dcee93a003ee097ea
65080b84d95e4d0e60139a01/65260a841a5afe520d59838f~D,65080b84d95e4d0e60139a01/65081b2dcee93a003ee097ea
65080b84d95e4d0e60139a01/65260abe1a5afe520d5983fc~S,65080b84d95e4d0e60139a01/65081b2dcee93a003ee097ea
65080b84d95e4d0e60139a01/65260abe1a5afe520d5983fd~S,65080b84d95e4d0e60139a01/65081b2dcee93a003ee097ea
65080b84d95e4d0e60139a01/65260abe1a5afe520d5983fe~S,65080b84d95e4d0e60139a01/65081b2dcee93a003ee097ea
